"Building","Date.of.Session","Name.of.Session","X..of.Hours","Possible.Hours","staff_id"
"Endeavour",2016-02-18,"Google Sheets Training",2,2,"5e51a2c89fdfb5301ca4b3503069f0a1c65e5b8eed9ee1cc56e56726c90c9592"
"Endeavour",2016-03-10,"Google Classroom",2,2,"5e51a2c89fdfb5301ca4b3503069f0a1c65e5b8eed9ee1cc56e56726c90c9592"
"Discovery",2015-08-17,"Google Email Training",2,4,"54fe55de176bf90f8728a4bc87b017d15c5cd6237fae7eb6b8eadc991d1110e3"
"FHS",2015-10-01,"Google Site Training",2,2,"85ca136dbc39bcc68231d0fd1d0069f544f6fe45dc3492e7a2d703de4349058a"
"FHS",2016-03-15,"Google Classroom",2,2,"85ca136dbc39bcc68231d0fd1d0069f544f6fe45dc3492e7a2d703de4349058a"
"SLMS",2016-02-18,"Google Sheets Training",2,2,"4621eac5a334f65256bbaf8ce1b5ff488f30a4d125e8da0af0614c74df062db1"
"SLMS",2016-03-10,"Google Classroom",1.5,2,"4621eac5a334f65256bbaf8ce1b5ff488f30a4d125e8da0af0614c74df062db1"
"Hedden",2015-11-23,"ChromeBook Training",1,1,"3b3c4bd602f21898a4daefca8ceb07b257fe1cf26c596725ca6b6543b1629df9"
"Hedden",2015-11-23,"ChromeBook Training",1,1,"e97700d0fc6b59e4f537288b63b8c926b0683358806937ce9bdd4d7eea508f8f"
"Hedden",2016-03-22,"Open Lab Training",2,3,"e97700d0fc6b59e4f537288b63b8c926b0683358806937ce9bdd4d7eea508f8f"
"Hedden",2015-08-17,"Google Email Training",2,4,"6714eea5a84ba33cc57c730b2e2f675a495e7f7a40a985d0fddc530dfaf56cf6"
"Hedden",2015-08-24,"Skyward Training",2,4,"6714eea5a84ba33cc57c730b2e2f675a495e7f7a40a985d0fddc530dfaf56cf6"
"SLMS",2015-08-24,"Skyward Training",2,4,"a908308b950da41c3451750cbd265b626519793740579c7b9e4fe90ce6a1c496"
"SLMS",2015-08-26,"SLMS Skyward Class (J. Garrett)",4,8,"a908308b950da41c3451750cbd265b626519793740579c7b9e4fe90ce6a1c496"
"Hedden",2016-02-17,"Google Sheets Training",1.5,2,"6714eea5a84ba33cc57c730b2e2f675a495e7f7a40a985d0fddc530dfaf56cf6"
"Hedden",2016-03-10,"Google Classroom",1.5,2,"6714eea5a84ba33cc57c730b2e2f675a495e7f7a40a985d0fddc530dfaf56cf6"
"Discovery",2015-11-17,"ChromeBook Training",1,1,"ec2bd9ffb7b761520cfe22a2b5066f3162532e1a26969187777aedf60e04816e"
"Hedden",2015-08-17,"Google Email Training",2,4,"a7cf6e32cee176b62620280b89756ccf1041969681c5a2ee7ef3b38ba5d3c1ba"
"Hedden",2015-11-23,"ChromeBook Training",1,1,"a7cf6e32cee176b62620280b89756ccf1041969681c5a2ee7ef3b38ba5d3c1ba"
"Hedden",2016-02-17,"Google Sheets Training",1.5,2,"a7cf6e32cee176b62620280b89756ccf1041969681c5a2ee7ef3b38ba5d3c1ba"
"Hedden",2016-03-10,"Google Classroom",2,2,"a7cf6e32cee176b62620280b89756ccf1041969681c5a2ee7ef3b38ba5d3c1ba"
"Hedden",2016-03-10,"Google Classroom",2,2,"f83634bc61a41e1bb02146397371aa55c0c4f0dded71c43242edb1f447a983ab"
"Discovery",2016-03-22,"Open Lab Training",1.5,3,"29c968344d05d6a87732d3d4c95a571f45765a6dc9fa2b0193ec1c8e97031e3d"
"Discovery",2015-09-01,"Tech/day open lab",1.5,10,"a68e5d3454ef67895dc164e4147222a7ee08feb82c5cfe7bd685079b14cbaa78"
"Discovery",2015-09-15,"Tech/day open lab",1,3,"a68e5d3454ef67895dc164e4147222a7ee08feb82c5cfe7bd685079b14cbaa78"
"Discovery",2015-09-22,"LAP/Title Elem Skyward",0.4,1,"a68e5d3454ef67895dc164e4147222a7ee08feb82c5cfe7bd685079b14cbaa78"
"Discovery",2016-02-18,"Google Sheets Training",2,2,"a68e5d3454ef67895dc164e4147222a7ee08feb82c5cfe7bd685079b14cbaa78"
"Discovery",2016-03-01,"Google Sheets Training",1.5,2,"a68e5d3454ef67895dc164e4147222a7ee08feb82c5cfe7bd685079b14cbaa78"
"DIscovery",2016-03-31,"Google Docs/Website Training",1,2,"a68e5d3454ef67895dc164e4147222a7ee08feb82c5cfe7bd685079b14cbaa78"
"SLMS",2015-08-26,"SLMS Skyward Class (J. Garrett)",4,8,"9d7b6ce91ff1d6f9b17cde2299f423f2152522a03447fbe59ec87bc396875564"
"CJH",2015-09-24,"Google Drive Intro",2,2,"1cb868f16e41e46a94ef465f73305bd1f6fefa63eb80f1705ac565d3be6c6b4f"
"CJH",2015-11-12,"Google Drive Training",1,1,"1cb868f16e41e46a94ef465f73305bd1f6fefa63eb80f1705ac565d3be6c6b4f"
"CJH",2016-02-18,"Google Sheets Training",2,2,"1cb868f16e41e46a94ef465f73305bd1f6fefa63eb80f1705ac565d3be6c6b4f"
"CJH",2016-03-15,"Google Classroom",2,2,"1cb868f16e41e46a94ef465f73305bd1f6fefa63eb80f1705ac565d3be6c6b4f"
"SLMS",2015-08-26,"SLMS Skyward Class (J. Garrett)",4,8,"fea2a4fc2d025564df6c8952e082e8d0b8e3201d2d4b67ba192c5c11dceb1f0f"
"CJH",2015-08-17,"Google Email Training",2,4,"6f09c2bdf876b30cf4303e410f334676fe096fdc23b6b5342c51fb51f3491f93"
"CJH",2015-09-01,"Tech/day open lab",2,10,"6f09c2bdf876b30cf4303e410f334676fe096fdc23b6b5342c51fb51f3491f93"
"CJH",2015-10-01,"Google Site Training",2,2,"6f09c2bdf876b30cf4303e410f334676fe096fdc23b6b5342c51fb51f3491f93"
"CJH",2016-02-18,"Google Sheets Training",1,2,"6f09c2bdf876b30cf4303e410f334676fe096fdc23b6b5342c51fb51f3491f93"
"Endeavour",2015-09-22,"LAP/Title Elem Skyward",0.4,1,"ccd183fa8c1f0857c971f6e66aef1951d6f4ff85d0f89fb4d45f4fef602fcb0b"
"ESC",2015-10-01,"Google Site Training",2,2,"bfe7956b6eb40229d85f13acc1b0d07c7fe3add3f182322e112263573cd5a2b0"
"ESC",2016-03-01,"Google Sheets Training",2,2,"bfe7956b6eb40229d85f13acc1b0d07c7fe3add3f182322e112263573cd5a2b0"
"Endeavour",2015-09-24,"Google Drive Intro",2,2,"8d6c18737761a51b302f70ae287da547cfcca67ad9c590a3712b0216c42a5c76"
"Endeavour",2015-10-05,"Open Lab Training",1.5,3,"8d6c18737761a51b302f70ae287da547cfcca67ad9c590a3712b0216c42a5c76"
"Hedden",2015-11-23,"ChromeBook Training",1.5,1,"8d6c18737761a51b302f70ae287da547cfcca67ad9c590a3712b0216c42a5c76"
"Hedden",2016-02-17,"Google Sheets Training",1,2,"8d6c18737761a51b302f70ae287da547cfcca67ad9c590a3712b0216c42a5c76"
"Hedden",2016-03-10,"Google Classroom",1,2,"8d6c18737761a51b302f70ae287da547cfcca67ad9c590a3712b0216c42a5c76"
"Discovery",2015-08-17,"Google Email Training",2,4,"90ebaa74bd0f6ce7db8219ab7f6da74156e370127c1db8c2be2fdece9d838307"
"Discovery",2015-08-24,"Skyward Training",2,4,"90ebaa74bd0f6ce7db8219ab7f6da74156e370127c1db8c2be2fdece9d838307"
"Discovery",2015-10-01,"Google Site Training",2,2,"90ebaa74bd0f6ce7db8219ab7f6da74156e370127c1db8c2be2fdece9d838307"
"Discovery",2015-11-17,"ChromeBook Training",1,1,"90ebaa74bd0f6ce7db8219ab7f6da74156e370127c1db8c2be2fdece9d838307"
"Discovery",2016-02-18,"Google Sheets Training",2,2,"90ebaa74bd0f6ce7db8219ab7f6da74156e370127c1db8c2be2fdece9d838307"
"FHS",2016-02-18,"Google Sheets Training",2,2,"9138d1c3f8f0977f88e764dc07f423eb6f0af640eb70df9ee25a8081dda00fdd"
"CJH",2016-02-18,"Google Sheets Training",2,2,"b872dfbf51cce659b3d1ee70bb47fbd435d03e8036fa2b452c7b70a459a48576"
"SLMS",2016-03-22,"Open Lab Training",2,3,"93fef34e89b0b8e5396c611b6b1bee4abfa1c1b50c8f72dfd6413bf3ea5d0b36"
"Endeavour",2015-08-17,"Google Email Training",2,4,"ca021aeee788c1543bb398c104e20687eeb21014430446d76eb578b923092b0b"
"Endeavour",2015-09-01,"Tech/day open lab",3,10,"ca021aeee788c1543bb398c104e20687eeb21014430446d76eb578b923092b0b"
"FHS",2015-08-24,"Skyward Training",2,4,"25047d7a8c2567711fe86fe16c69a45c8e6c11a3e58d5fe9cd2009424ffe2341"
"FHS",2015-09-01,"Tech/day open lab",2,10,"25047d7a8c2567711fe86fe16c69a45c8e6c11a3e58d5fe9cd2009424ffe2341"
"Discovery",2015-09-15,"Tech/day open lab",1,3,"91c84522ae80177a87e8682868fafb8f2e38b16b1155b796765fd2857161ae39"
"Discovery",2015-09-24,"Google Drive Intro",2,2,"91c84522ae80177a87e8682868fafb8f2e38b16b1155b796765fd2857161ae39"
"Discovery",2016-02-17,"Google Sheets Training",2,2,"91c84522ae80177a87e8682868fafb8f2e38b16b1155b796765fd2857161ae39"
"SLMS",2015-08-26,"SLMS Skyward Class (J. Garrett)",4,8,"81fcee5576645a846d6084557edfc687cdbd0424f8dec288e979e20a12687545"
"Endeavour",2016-02-17,"Google Sheets Training",2,2,"f9262d39b646285884576c59544485740c86782fb23fe519f077574d2565d60d"
"FHS",2016-02-18,"Google Sheets Training",2,2,"deb4cb2f5e729bc99e5b743ccefb8ef3a3112d2a2a363e4141b3c54f6b3d172a"
"CJH",2015-10-01,"Google Site Training",2,2,"ce9e9ecd2052feda1fb9d84a752ef70ccde62a5544c459a54bc0d2a4589e8ae7"
"Discovery",2016-03-01,"Google Sheets Training",2,2,"427fa6b9d4e75615b2e1cf6f87dd7d94341a0e6cb04c69764abf14c4aa1ce7f5"
"CJH",2015-10-01,"Google Site Training",2,2,"4e093f305894efb8533449d33f18b0a4b417be420c1e36729e209a42d183e94d"
"Hedden",2016-02-17,"Google Sheets Training",1,2,"439fb87c5f61cf67213c72234a299672c3d2862fa34d2329434e02843744ce72"
"Endeavour",2015-09-24,"Google Drive Intro",1,2,"9fbdbff2ed89a7696c230d2247dce7cd5efa488760ae1a15dfb1d8079c3dd83a"
"SLMS",2015-08-26,"SLMS Skyward Class (J. Garrett)",4,8,"28ef7a81f9581487578d7eadbdc3e6b7b36c28fabc433a54e1ed2ef80582ca12"
"SLMS",2016-03-15,"Google Classroom",2,2,"28ef7a81f9581487578d7eadbdc3e6b7b36c28fabc433a54e1ed2ef80582ca12"
"FHS",2015-08-24,"Skyward Training",2,4,"95c0d4971c06c3055270cdd819032422b6cc616012b012cc4ff52ec85fecbf3e"
"FHS",2016-02-18,"Google Sheets Training",2,2,"f22cabdfe73bd32f2c9abce089108fc826f17ab6985938000ac6d202f19404a2"
"Hedden",2016-03-10,"Google Classroom",2,2,"41fab0d284c5dd6281f37a9593990a9b67140bc6d9feb3b2d91d0039d361bc7e"
"Discovery",2016-02-18,"Google Sheets Training",2,2,"540a005e5f33202821548a415f8c83afb0ed820df896ce88646d02a3fc6b128f"
"Discovery",2016-03-01,"Google Sheets Training",1,2,"540a005e5f33202821548a415f8c83afb0ed820df896ce88646d02a3fc6b128f"
"Discovery",2015-11-17,"ChromeBook Training",1,1,"f79e546aa2a28910f911fd64ab073360fc63a3d9145d34eba9009c20a3e2c556"
"Discovery",2016-03-01,"Google Sheets Training",2,2,"f79e546aa2a28910f911fd64ab073360fc63a3d9145d34eba9009c20a3e2c556"
"Discovery",2016-03-10,"Google Classroom",2,2,"f79e546aa2a28910f911fd64ab073360fc63a3d9145d34eba9009c20a3e2c556"
"CJH",2015-10-01,"Google Site Training",2,2,"c30a0acce9d41c37a879f626c53e30f3870ec670641250b298442d5ab323ee68"
"Discovery",2015-10-01,"Google Site Training",2,2,"3b6ea5e46c302dffbd18374034e33631df6619bc53bcbacc9c6df3d17b138ff1"
"Discovery",2016-03-01,"Google Sheets Training",2,2,"3b6ea5e46c302dffbd18374034e33631df6619bc53bcbacc9c6df3d17b138ff1"
"DIscovery",2016-03-31,"Google Docs/Website Training",2,2,"3b6ea5e46c302dffbd18374034e33631df6619bc53bcbacc9c6df3d17b138ff1"
"FHS",2016-03-15,"Google Classroom",2,2,"cd361b57c9799835b9b10c5e2100c6710ac4887bbddc7f0641a2d567c2537a45"
"CJH",2016-02-23,"Counselor Training",1,1,"346466568e30ce2aed34968c41818a1481933ec25b1eff8ea0bd71a25d7521a1"
"CJH",2016-03-17,"Counselor Training",1,1,"346466568e30ce2aed34968c41818a1481933ec25b1eff8ea0bd71a25d7521a1"
"FHS",2015-10-05,"Open Lab Training",1.5,3,"c09a26d9f1f286ddbdb33bd1de4edc762a5ab46e12accaa4943f65a735d846bc"
"FHS",2016-02-23,"Counselor Training",1,1,"c09a26d9f1f286ddbdb33bd1de4edc762a5ab46e12accaa4943f65a735d846bc"
"FHS",2015-08-17,"Google Email Training",2,4,"73dcb7c12d3647ee43c0bb2bee6b8f581b447f4d32f7869a0399c8f2dc478751"
"FHS",2015-09-01,"Tech/day open lab",2.5,10,"73dcb7c12d3647ee43c0bb2bee6b8f581b447f4d32f7869a0399c8f2dc478751"
"Discovery",2015-08-17,"Google Email Training",2,4,"e2923a34d670bd56241a5b9e537d7a9d27ccaddbab5bb6b5dbf36eed5250b024"
"Discovery",2015-08-24,"Skyward Training",2,4,"e2923a34d670bd56241a5b9e537d7a9d27ccaddbab5bb6b5dbf36eed5250b024"
"Discovery",2015-11-17,"ChromeBook Training",1,1,"e2923a34d670bd56241a5b9e537d7a9d27ccaddbab5bb6b5dbf36eed5250b024"
"Discovery",2016-02-18,"Google Sheets Training",2,2,"e2923a34d670bd56241a5b9e537d7a9d27ccaddbab5bb6b5dbf36eed5250b024"
"Discovery",2015-08-17,"Google Email Training",2,4,"e221b64b4cf235c8ec55d53771ffdafe4919fc04db948f81ad7278461c9a5237"
"Discovery",2015-08-24,"Skyward Training",2,4,"e221b64b4cf235c8ec55d53771ffdafe4919fc04db948f81ad7278461c9a5237"
"Discovery",2015-09-01,"Tech/day open lab",1,10,"e221b64b4cf235c8ec55d53771ffdafe4919fc04db948f81ad7278461c9a5237"
"Discovery",2015-10-01,"Google Site Training",1.5,2,"e221b64b4cf235c8ec55d53771ffdafe4919fc04db948f81ad7278461c9a5237"
"Discovery",2016-03-01,"Google Sheets Training",0.5,2,"e221b64b4cf235c8ec55d53771ffdafe4919fc04db948f81ad7278461c9a5237"
"SLMS",2015-08-17,"Google Email Training",2,4,"0e9801a778f1d2ba3880dc670ec4b833dcc52454dd9a898efc494df24c640898"
"SLMS",2015-08-24,"Skyward Training",2,4,"0e9801a778f1d2ba3880dc670ec4b833dcc52454dd9a898efc494df24c640898"
"CJH",2015-08-17,"Google Email Training",2,4,"581b9f96a0f395203c3921b23fa1d35a0924af64fdbed91dfe4fda57be0295aa"
"CJH",2015-09-01,"Tech/day open lab",1.25,10,"581b9f96a0f395203c3921b23fa1d35a0924af64fdbed91dfe4fda57be0295aa"
"ESC",2015-09-15,"Tech/day open lab",1,3,"76d6f8a7b0fa1b17af6ed107308a49fa13901fc30061c8916ccd261cbd852633"
"CJH",2016-02-23,"Counselor Training",1,1,"76d6f8a7b0fa1b17af6ed107308a49fa13901fc30061c8916ccd261cbd852633"
"ESC",2016-03-17,"Counselor Training",1,1,"76d6f8a7b0fa1b17af6ed107308a49fa13901fc30061c8916ccd261cbd852633"
"Discovery",2016-03-01,"Google Sheets Training",1,2,"c388e7323d71580994cc6ac8c07825f1dd23cf589bb0972d72eb14607bffa7ea"
"Discovery",2016-03-22,"Open Lab Training",1,3,"c388e7323d71580994cc6ac8c07825f1dd23cf589bb0972d72eb14607bffa7ea"
"FHS",2015-09-01,"Tech/day open lab",2,10,"78dc5bc2721e6375fa9c3dd20108449f7ae3c99e6f69e9bcecd98fc361d8ed83"
"FHS",2016-02-18,"Google Sheets Training",2,2,"78dc5bc2721e6375fa9c3dd20108449f7ae3c99e6f69e9bcecd98fc361d8ed83"
"FHS",2016-03-22,"Open Lab Training",2,3,"78dc5bc2721e6375fa9c3dd20108449f7ae3c99e6f69e9bcecd98fc361d8ed83"
"Discovery",2015-10-01,"Google Site Training",2,2,"7338c7d75e63ce14542aa1f903ac9d7d4a9a1c02e4b7c86ca6c8cd0c4ccf67f3"
"DIscovery",2016-03-31,"Google Docs/Website Training",2,2,"7338c7d75e63ce14542aa1f903ac9d7d4a9a1c02e4b7c86ca6c8cd0c4ccf67f3"
"FHS",2015-08-17,"Google Email Training",2,4,"cbb0e5fea7cc8220ad78e5051ae23f81f08a9717cb4f46c76d856ed13020d12f"
"FHS",2015-08-24,"Skyward Training",2,4,"cbb0e5fea7cc8220ad78e5051ae23f81f08a9717cb4f46c76d856ed13020d12f"
"FHS",2015-09-01,"Tech/day open lab",3,10,"cbb0e5fea7cc8220ad78e5051ae23f81f08a9717cb4f46c76d856ed13020d12f"
"Hedden",2015-09-22,"LAP/Title Elem Skyward",1,1,"1b38424619c35fd27a5e7f217774cbd1657dd95bc17df5692d0f621982da24cb"
"Hedden",2015-10-01,"Google Site Training",2,2,"1b38424619c35fd27a5e7f217774cbd1657dd95bc17df5692d0f621982da24cb"
"Hedden",2015-08-24,"Skyward Training",2,4,"97e344b1084b36d322bcc4fcf3f8933ccc2254254c6aeb843f8f9c4e1957b4df"
"Hedden",2015-11-23,"ChromeBook Training",1,1,"97e344b1084b36d322bcc4fcf3f8933ccc2254254c6aeb843f8f9c4e1957b4df"
"Hedden",2016-02-17,"Google Sheets Training",1.5,2,"97e344b1084b36d322bcc4fcf3f8933ccc2254254c6aeb843f8f9c4e1957b4df"
"Hedden",2016-03-10,"Google Classroom",2,2,"97e344b1084b36d322bcc4fcf3f8933ccc2254254c6aeb843f8f9c4e1957b4df"
"Endeavour",2015-09-15,"Tech/day open lab",1.3,3,"b6a9b3e82f826712d492ee9e2c833b670ef57d62212cadad97daa7af71eadbbc"
"Endeavour",2015-09-24,"Google Drive Intro",2,2,"b6a9b3e82f826712d492ee9e2c833b670ef57d62212cadad97daa7af71eadbbc"
"CJH",2015-08-24,"Skyward Training",2,4,"e5af43e24d9bb50eca21cf866696ea2b04e03ac60c6d222a22fa8e1c1358a047"
"CJH",2015-09-01,"Tech/day open lab",3,10,"e5af43e24d9bb50eca21cf866696ea2b04e03ac60c6d222a22fa8e1c1358a047"
"SLMS",2015-09-24,"Google Drive Intro",2,2,"b6b6780aae8237b8bff46eac6a8538de6c27122ff960dd3c85865a9dff94a27f"
"Endeavour",2015-08-17,"Google Email Training",2,4,"eb8b2f8cfd6ef5e4fd2b89bfb6fe85f2e1f29e5dee17e84fe3ababe3c47049a6"
"Endeavour",2015-08-24,"Skyward Training",2,4,"eb8b2f8cfd6ef5e4fd2b89bfb6fe85f2e1f29e5dee17e84fe3ababe3c47049a6"
"CJH",2015-09-15,"Tech/day open lab",0.3,3,"375da87ba2f68e9c97cf5faaa61f52ded7e9677390fa39b5b416b80d0e70fa93"
"CJH",2015-08-24,"Skyward Training",2,4,"14504cc2743280296a9d38d5430d54bbfda9c9a9412b613e521fc2adfb9ba37d"
"CJH",2015-09-15,"Tech/day open lab",0.4,3,"14504cc2743280296a9d38d5430d54bbfda9c9a9412b613e521fc2adfb9ba37d"
"Hedden",2015-09-24,"Google Drive Intro",2,2,"9f1d2b90ef35b1daf22adb0680a41119a07ad5db86292fb8b0428b219abe89ee"
"Hedden",2015-10-01,"Google Site Training",2,2,"9f1d2b90ef35b1daf22adb0680a41119a07ad5db86292fb8b0428b219abe89ee"
"Hedden",2015-09-22,"LAP/Title Elem Skyward",1,1,"f5453e9828e0655bc5609539668094a9583767838111a6dac6f60afc880b318b"
"Hedden",2015-10-01,"Google Site Training",2,2,"f5453e9828e0655bc5609539668094a9583767838111a6dac6f60afc880b318b"
"Discovery",2015-11-17,"ChromeBook Training",1,1,"d3709080e0605f6afbc10ad2665dcf5c21c0378de447dd8bf28de29077340160"
"Discovery",2016-02-17,"Google Sheets Training",2,2,"d3709080e0605f6afbc10ad2665dcf5c21c0378de447dd8bf28de29077340160"
"Endeavour",2015-10-05,"Open Lab Training",1,3,"a0f9186dd971f307ef056b83ed9dd42a5d69f84d5b0f4a3abec553356ecf10ce"
"Discovery",2015-09-22,"LAP/Title Elem Skyward",0.4,1,"067590480b84591460e0613960cd6f929ee3111e9328b4dfbe8279c3147e4709"
"Endeavour",2015-10-05,"Open Lab Training",1,3,"ecfc87001d4dcedfb332be4dec5719a973f46406573cc1facd20e1697b91b89e"
"Discovery",2015-09-24,"Google Drive Intro",2,2,"a3b505777ffba94e9ca213f97675f7e292ebdfb1128330046bd7232bc07da14d"
"Discovery",2016-02-18,"Google Sheets Training",2,2,"a3b505777ffba94e9ca213f97675f7e292ebdfb1128330046bd7232bc07da14d"
"DIscovery",2016-03-31,"Google Docs/Website Training",2,2,"a3b505777ffba94e9ca213f97675f7e292ebdfb1128330046bd7232bc07da14d"
"SLMS",2016-02-23,"Counselor Training",1,1,"e8f4b2e0364c197606ca1046e04e78c124e34c3a218aee50f16e03d0bad4fbaa"
"SLMS",2015-08-26,"SLMS Skyward Class (J. Garrett)",4,8,"37defe7d7ffd14b084bf9c2f48a4422475f6d9ef97d249932b84f9402f43eaf5"
"Hedden",2016-02-17,"Google Sheets Training",2,2,"37defe7d7ffd14b084bf9c2f48a4422475f6d9ef97d249932b84f9402f43eaf5"
"FHS",2015-08-17,"Google Email Training",2,4,"9d0cd82683957e21a48a3c9360e54c545fe6acbc2d557dd78c1108428e99d361"
"SLMS",2015-08-24,"Skyward Training",2,4,"8d94a76ffa11d40293529fca984344097e2caa79a81e9c4d529317cc067b25b8"
"SLMS",2015-08-26,"SLMS Skyward Class (J. Garrett)",4,8,"8d94a76ffa11d40293529fca984344097e2caa79a81e9c4d529317cc067b25b8"
"SLMS",2016-03-01,"Google Sheets Training",1,2,"8d94a76ffa11d40293529fca984344097e2caa79a81e9c4d529317cc067b25b8"
"SLMS",2015-09-15,"Tech/day open lab",0.3,3,"a265957220d8e6a9dbdd4cc1ebbfa4a1e423d424e7f7ac7cdd8a43027763fece"
"FHS",2015-08-24,"Skyward Training",2,4,"051213484dc31325a714cd1d52af1ff100fdf18e292e9ccb4e6a196d77acf554"
"FHS",2015-09-01,"Tech/day open lab",5,10,"051213484dc31325a714cd1d52af1ff100fdf18e292e9ccb4e6a196d77acf554"
"DIscovery",2016-03-31,"Google Docs/Website Training",2,2,"14bdfb5ede8cc7174c62c03882682bf9a34050b876b29b9706ad5307e89cfbfb"
"SLMS",2016-03-22,"Open Lab Training",3,3,"21e757e75e5e73e3501698dbcb5d7d47621e9361bf1764cb550974f31639dd89"
"Discovery",2015-08-17,"Google Email Training",2,4,"bdea36861bfca30884a84c54bf9da72206cc028735e62d0e088677527ff90c20"
"Discovery",2015-10-01,"Google Site Training",2,2,"bdea36861bfca30884a84c54bf9da72206cc028735e62d0e088677527ff90c20"
"DIscovery",2016-03-31,"Google Docs/Website Training",2,2,"bdea36861bfca30884a84c54bf9da72206cc028735e62d0e088677527ff90c20"
"Discovery",2015-09-15,"Tech/day open lab",1,3,"d94574556cf0c4df523c4056df026f6699658f913c38387645ad524cc522c45d"
"Discovery",2015-09-22,"LAP/Title Elem Skyward",0.5,1,"d94574556cf0c4df523c4056df026f6699658f913c38387645ad524cc522c45d"
"Discovery",2016-02-18,"Google Sheets Training",1.5,2,"d94574556cf0c4df523c4056df026f6699658f913c38387645ad524cc522c45d"
"Discovery",2016-03-15,"Google Classroom",1.75,2,"d94574556cf0c4df523c4056df026f6699658f913c38387645ad524cc522c45d"
"DIscovery",2016-03-31,"Google Docs/Website Training",1,2,"d94574556cf0c4df523c4056df026f6699658f913c38387645ad524cc522c45d"
"FHS",2015-10-05,"Open Lab Training",1,3,"bd2de99435dfebf8d09d0ab7e764c7dcfbb3e5136b22cdc34854fe67a84ef38c"
"FHS",2016-03-15,"Google Classroom",2,2,"bd2de99435dfebf8d09d0ab7e764c7dcfbb3e5136b22cdc34854fe67a84ef38c"
"Hedden",2015-08-17,"Google Email Training",2,4,"12ebd1b858f675bd0ac437528386f5f94e1cb9a6e658693a656aaf0705a7b89f"
"Hedden",2015-08-24,"Skyward Training",2,4,"12ebd1b858f675bd0ac437528386f5f94e1cb9a6e658693a656aaf0705a7b89f"
"CJH",2015-08-17,"Google Email Training",2,4,"dd849e341879bc1202e9400c1c99e19dda177eedb4a73f8d5d5fa9fd9c5ca33e"
"Discovery",2015-11-17,"ChromeBook Training",1,1,"90c2352f6aa3ad13cd488f536c1edb710949d231611d7082fdcae8d2ffa71bd5"
"Discovery",2016-03-01,"Google Sheets Training",1,2,"90c2352f6aa3ad13cd488f536c1edb710949d231611d7082fdcae8d2ffa71bd5"
"Endeavour",2015-09-24,"Google Drive Intro",2,2,"e7916e1ed978eb38def000e6283980a7ba3106d6f024735f4a77421640918b0d"
"Hedden",2015-11-23,"ChromeBook Training",1,1,"1272b07fa4fc02ffa1cc623595d611f538b38485b2ec2c6e9e039df3f48028b2"
"Hedden",2016-03-10,"Google Classroom",2,2,"1272b07fa4fc02ffa1cc623595d611f538b38485b2ec2c6e9e039df3f48028b2"
"Hedden",2015-08-24,"Skyward Training",2,4,"6415bb55c8d3d343478d6c3db68806ba9fd165f087323288b89aece8b0b93742"
"Hedden",2015-08-24,"Skyward Training",2,4,"cb34101061867323aaa42ddffc126a0898e4e92143fb32a4ecc2cb8c4e655bc9"
"Hedden",2015-09-24,"Google Drive Intro",2,2,"cb34101061867323aaa42ddffc126a0898e4e92143fb32a4ecc2cb8c4e655bc9"
"Hedden",2015-10-01,"Google Site Training",2,2,"6640e7e318b5b789c4bfb959a79f7b588b4025e8fe4e882a0d61a2db9d6060ca"
"Hedden",2015-11-23,"ChromeBook Training",1,1,"6640e7e318b5b789c4bfb959a79f7b588b4025e8fe4e882a0d61a2db9d6060ca"
"Hedden",2015-11-23,"ChromeBook Training",1,1,"357c471d0fffa812f6d776c9680a62f00ff02a55ffce620aaa60b70dbd0643ab"
"Hedden",2016-03-10,"Google Classroom",2,2,"357c471d0fffa812f6d776c9680a62f00ff02a55ffce620aaa60b70dbd0643ab"
"CJH",2016-03-15,"Google Classroom",1,2,"d15024b2bcf550d84518707589a8f991ecd47b5e75e8bba07b920408d7525947"
"Discovery",2015-11-17,"ChromeBook Training",1,1,"fafed0e2ef18165a836dcfe6cba830d213d9b6630d4938a90a5ac0d3e71a0dff"
"Hedden",2015-11-23,"ChromeBook Training",1.5,1,"33a2b4fc96f03dc7fb55eca8ec4abfe5531f61ee937e85526ca6b070ddcf29fe"
"Hedden",2016-02-17,"Google Sheets Training",2,2,"33a2b4fc96f03dc7fb55eca8ec4abfe5531f61ee937e85526ca6b070ddcf29fe"
"Hedden",2016-03-10,"Google Classroom",2,2,"33a2b4fc96f03dc7fb55eca8ec4abfe5531f61ee937e85526ca6b070ddcf29fe"
"Discovery",2015-11-17,"ChromeBook Training",1,1,"9ba014436502c5b90466ba5b50f6e9a265fcab4f8b69a8a6e74f2b103603779e"
"CJH",2015-09-01,"Tech/day open lab",3.5,10,"c6ddd460f2ded7243f41910521df6e5ac5bbe248d5582bc8f0b70b9d0cca7317"
"Discovery",2016-02-18,"Google Sheets Training",2,2,"7ade1bec82bdfed22c70182b88311c3a763a65ca52e7ede61910b3a921a636de"
"Endeavour",2015-09-01,"Tech/day open lab",5,10,"8dfe65d3b0d058f62af55b004d5a737dbb7cf6196de4422fd1bda012c1e0c47f"
"Endeavour",2015-09-15,"Tech/day open lab",1,3,"8dfe65d3b0d058f62af55b004d5a737dbb7cf6196de4422fd1bda012c1e0c47f"
"Endeavour",2016-03-31,"Google Docs/Website Training",2,2,"3c9a8bcec3e3f6ff448f84bd85d93f067083372ab26f2933b97ac648138215c1"
"DIscovery",2016-03-31,"Google Docs/Website Training",2,2,"aea71791206ba11c70981a6049f7f65e50ca02835435bbb450259f487fda1516"
"FHS",2016-03-15,"Google Classroom",2,2,"a80fd818eb228ca2b540128c53d39ee0a3d037f64c48a2cd895912f551190270"
"Hedden",2015-08-17,"Google Email Training",2,4,"1e191c64f79ada94d8e77c3b7e7ddf03e042e8ce85736eff1899ab47e3460843"
"Hedden",2015-08-24,"Skyward Training",2,4,"1e191c64f79ada94d8e77c3b7e7ddf03e042e8ce85736eff1899ab47e3460843"
"Discovery",2015-08-24,"Skyward Training",2,4,"ea219f9950d152dbf5ea60987f12554f4a72272f91df8e5d94fd790800480588"
"Discovery",2015-10-01,"Google Site Training",2,2,"ea219f9950d152dbf5ea60987f12554f4a72272f91df8e5d94fd790800480588"
"Discovery",2016-02-17,"Google Sheets Training",2,2,"ea219f9950d152dbf5ea60987f12554f4a72272f91df8e5d94fd790800480588"
"DIscovery",2016-03-31,"Google Docs/Website Training",2,2,"402266c29b31cbfe124ea6f2faba44af6d69f3e80589adcbc350fc32d1f3f446"
"Discovery",2015-11-17,"ChromeBook Training",1,1,"40b044af014b71327f7ce48e54c9f576fa6c2427ddb21a42eeccb564cd420f50"
"Discovery",2016-03-01,"Google Sheets Training",2,2,"40b044af014b71327f7ce48e54c9f576fa6c2427ddb21a42eeccb564cd420f50"
"Hedden",2015-11-23,"ChromeBook Training",1,1,"15f4a25503ebbb4ffecda2eb96887bdf97ca3c6fe7c406b4e88cb51e55c90279"
"Hedden",2016-03-10,"Google Classroom",2,2,"15f4a25503ebbb4ffecda2eb96887bdf97ca3c6fe7c406b4e88cb51e55c90279"
"Endeavour",2015-08-17,"Google Email Training",2,4,"95c71ee2523b07d50d8ccdbda36fd397ebad763a637ffa19c3280f0750af5fec"
"Endeavour",2015-08-24,"Skyward Training",2,4,"95c71ee2523b07d50d8ccdbda36fd397ebad763a637ffa19c3280f0750af5fec"
"Endeavour",2015-08-17,"Google Email Training",2,4,"f3abb7a8576dd5b172f3f2b8181ff31ebc7207411c94542d353fc14b78199e2f"
"Endeavour",2015-08-24,"Skyward Training",2,4,"f3abb7a8576dd5b172f3f2b8181ff31ebc7207411c94542d353fc14b78199e2f"
"Endeavour",2015-09-15,"Tech/day open lab",2,3,"f3abb7a8576dd5b172f3f2b8181ff31ebc7207411c94542d353fc14b78199e2f"
"Endeavour",2016-02-17,"Google Sheets Training",2,2,"f3abb7a8576dd5b172f3f2b8181ff31ebc7207411c94542d353fc14b78199e2f"
"ESC",2015-10-01,"Google Site Training",2,2,"d8dd218017649927c4a8a0ad7bf58fa6a621d062ca8dd954aa043517f255a0a7"
"ESC",2016-03-01,"Google Sheets Training",2,2,"d8dd218017649927c4a8a0ad7bf58fa6a621d062ca8dd954aa043517f255a0a7"
"ESC",2016-03-10,"Google Classroom",1,2,"d8dd218017649927c4a8a0ad7bf58fa6a621d062ca8dd954aa043517f255a0a7"
"Endeavour",2016-03-01,"Google Sheets Training",2,2,"0c0717b47677f35cfcdda6946386c8cf5d78e7e5874fcb46967b655d77476237"
"Endeavour",2016-03-10,"Google Classroom",2,2,"0c0717b47677f35cfcdda6946386c8cf5d78e7e5874fcb46967b655d77476237"
"FHS",2015-08-24,"Skyward Training",2,4,"9e30f21cd0a774da5a12a732b829e54d84bafbcaa4507e2427aea862324927ec"
"FHS",2015-10-01,"Google Site Training",2,2,"9e30f21cd0a774da5a12a732b829e54d84bafbcaa4507e2427aea862324927ec"
"Endeavour",2015-09-22,"LAP/Title Elem Skyward",1,1,"460e63a6f0f757c1f7486768d22399d087077db0a8f25080a69898b41b88bdec"
"Endeavour",2015-10-01,"Google Site Training",2,2,"460e63a6f0f757c1f7486768d22399d087077db0a8f25080a69898b41b88bdec"
"Endeavour",2016-03-01,"Google Sheets Training",2,2,"460e63a6f0f757c1f7486768d22399d087077db0a8f25080a69898b41b88bdec"
"FHS",2015-08-24,"Skyward Training",2,4,"534455d548ffcf3bf600a2f1c1536d7c6001a84fad3fb2d63e38925bbdbc4984"
"FHS",2016-03-15,"Google Classroom",2,2,"534455d548ffcf3bf600a2f1c1536d7c6001a84fad3fb2d63e38925bbdbc4984"
